epoch,train,val
1,0.1283822220800084,0.12570539719630017
2,0.1192948048487132,0.11773705732236459
3,0.10197857854527471,0.10560326687661416
4,0.08354832414702658,0.09747931670988884
5,0.07100680166191155,0.09372584326050148
