epoch,train,val
1,0.47016317016317016,0.5044319097502015
2,0.7258741258741259,0.6994359387590653
3,0.9351981351981352,0.7058823529411765
4,0.938927738927739,0.7123287671232876
5,0.9442890442890443,0.7123287671232876
